dns_time_ms,tcp_connect_ms,tls_time_ms,rtt_ms,http_status,response_size,time_of_day,domain_category,response_time_ms
43.868,39.231,51.556,33.48,200,32717,235,Social networking,435.006
1.05,34.251,49.278,33.69,200,32718,236,Social networking,671.797
7.457,35.312,44.923,33.98,200,32717,236,Social networking,583.217
9.882,33.832,39.729,33.71,200,32718,237,Social networking,578.009
16.737,46.451,41.248,32.32,200,32717,238,Social networking,603.667
28.174,46.421,41.878,31.63,200,48630,241,Social networking,653.33
1.709,46.3,35.653,41.86,200,48616,241,Social networking,552.579
8.471,31.359,39.411,31,200,48616,242,Social networking,536.397
10.128,46.415,35.168,29.92,200,48615,243,Social networking,553.883
12.055,36.288,54.517,33.49,200,48611,243,Social networking,612.927
1.333,26.543,45.899,25.78,200,85366,247,Search engine,224.57
13.334,27.018,54.652,25.87,200,85138,247,Search engine,233.676
13.908,27.887,54.624,27.29,200,85191,247,Search engine,231.27
1.48,27.451,45.216,27.27,200,85277,248,Search engine,210.483
13.343,36.212,63.908,29.31,200,85236,248,Search engine,257.41
10.298,32.079,55.328,25.74,200,85234,248,Search engine,229.815
8.453,27.949,52.381,26.78,200,85241,249,Search engine,240.404
33.992,45.834,49.511,26.83,200,395096,249,Social networking,1140.091
14.658,26.975,38.35,26.53,200,1462,251,Social networking,182.339
6.375,29.12,37.284,26.66,200,395751,251,Social networking,981.136
5.151,27.619,35.08,26.4,200,402450,252,Social networking,861.609
12.849,27.01,38.663,26.51,200,1462,253,Social networking,193.145
5.401,46.765,43.6,26.58,200,395996,253,Social networking,901.366
7.684,44.876,36.023,26.59,200,403062,254,Social networking,1365.671
19.826,92.056,52.405,35.26,200,1462,257,Social networking,392.153
3.578,29.869,130.789,25.26,200,881443,258,Entertainment,785.578
13.114,33.844,125.326,26.8,200,881092,259,Entertainment,744.611
12.644,30.273,131.216,27.04,200,883621,259,Entertainment,614.226
2.41,28.239,52.587,26.07,200,877395,300,Entertainment,381.813
10.627,27.185,54.326,25.72,200,883041,301,Entertainment,381.258
4.728,28.071,51.369,25.38,200,886014,302,Entertainment,360.384
15.376,47.308,84.522,27.9,200,884736,302,Entertainment,408.709
11.272,26.5,55.031,26.41,200,885935,303,Entertainment,367.529
32.235,64.964,73.256,58.47,200,196894,303,Shopping,451.457
3.595,64.479,73.779,57.28,200,196894,303,Shopping,419.69
2.103,61.739,77.077,60.88,200,196894,304,Shopping,425.093
12.761,60.65,71.621,58.07,200,196894,304,Shopping,406.5
10.56,62.076,85.293,58.55,200,196894,305,Shopping,431.082
2.064,67.475,76.973,57.14,200,196894,305,Shopping,452.763
12.086,59.36,67.723,58.04,200,196894,306,Shopping,402.649
1.518,61.032,77.646,58.98,200,196894,307,Shopping,420.96
4.82,60.511,71.81,58.03,200,196894,307,Shopping,435.276
39.268,7.325,14.992,6.74,200,281002,308,News,126.588
13.207,16.575,15.709,5.08,200,281002,308,News,114.026
9.656,9.456,15.417,7.83,200,281002,308,News,90.407
5.147,8.176,14.841,4.94,200,281002,308,News,109.198
10.876,7.356,16.297,6.78,200,281002,309,News,92.792
19.637,8.805,14.801,5.91,200,281002,309,News,97.296
7.241,8.009,13.958,5.44,200,281002,309,News,111.917
10.66,7.653,15.766,5.26,200,281002,309,News,95.158
14.58,62.067,70.189,58.29,200,119573,309,Reference,383.991
16.374,72.043,102.916,62.63,200,119573,309,Reference,488.467
3.68,73.258,72.241,67.24,200,119573,310,Reference,439.377
10.987,63.311,67.803,58.76,200,119573,311,Reference,392.859
12.481,61.116,74.186,58.92,200,119573,311,Reference,416.804
9.953,58.514,67.162,56.91,200,119573,312,Reference,373.854
13.124,61.445,69.273,60.37,200,119573,313,Reference,402.769
12.556,60.69,69.329,57.86,200,119573,313,Reference,385.006
7.748,7.091,24.049,6.61,200,423648,314,Education,96.987
7.718,7.49,24.814,6.26,200,423648,314,Education,161.512
6.453,14.943,37.477,5.84,200,423648,314,Education,127.583
13.872,9.137,24.658,5,200,423648,314,Education,106.235
6.801,8.138,42.212,5.27,200,423648,314,Education,122.292
12.379,7.913,23.749,7.41,200,423648,314,Education,115.171
10.54,8.802,25.867,8.24,200,423648,314,Education,103.897
6.376,7.178,27.672,5.55,200,423648,315,Education,91.919
13.686,7.696,27.378,5.81,200,423648,315,Education,112.896
6.659,8.359,26.872,7.43,200,430974,315,News,179.226
7.375,8.426,26.91,6.9,200,431259,315,News,198.283
6.701,7.206,14.506,5.3,200,431435,315,News,190.291
7.025,32.618,35.403,5.87,200,431441,316,News,224.836
5.63,17.837,32.425,7.68,200,431144,316,News,209.206
5.986,7.016,14.855,6.55,200,431441,316,News,175.787
6.592,7.295,28.06,6.2,200,430968,316,News,205.827
9.452,7.242,27.833,6.89,200,431441,317,News,237.123
12.863,7.815,29.055,4.84,200,431435,317,News,218.654
44.854,30.96,38.649,27.51,200,151651,317,Technology,236.835
11.002,144.063,77.377,28.17,200,151651,317,Technology,383.946
8.652,27.34,54.356,26.78,200,151651,318,Technology,224.712
14.286,29.346,71.549,27.65,200,151651,318,Technology,249.403
1.833,46.259,50.296,26.18,200,151651,319,Technology,250.741
16.846,30.667,77.424,27.9,200,1118872,320,Social networking,843.016
26.606,52.13,63.979,26.01,200,1119184,321,Social networking,1438.838
18.404,28.394,63.156,25.73,200,1373896,322,Social networking,1367.171
18.317,28.245,79.424,24.86,200,1118857,324,Social networking,1182.147
16.342,30.251,76.422,27.05,200,1321200,325,Social networking,1443.889
9.241,27.249,62.821,25.25,200,1119225,326,Social networking,1438.694
19.69,33.437,61.534,28.69,200,1172201,328,Social networking,1167.772
18.414,31.979,83.806,24.57,200,1370881,329,Social networking,1025.235
14.648,27.868,57.542,27.03,200,1119226,330,Social networking,1459.832
18.122,28.148,67.418,25.09,200,1118952,331,Social networking,957.271
41.313,28.543,63.896,28.19,200,201253,332,Technology,294.85
13.816,29.214,87.614,27.49,200,201253,333,Technology,288.152
10.571,29.274,63.648,27.48,200,201253,334,Technology,244.262
4.2,27.39,64.551,27.16,200,201253,335,Technology,239.551
12.472,28.74,66.429,28.71,200,201253,335,Technology,250.453
17.116,8.259,40.81,6.57,200,122884,335,Search engine,223.684
14.017,8.226,42.052,7.54,200,122884,336,Search engine,228.478
12.71,7.719,30.948,5.87,200,122884,336,Search engine,152.373
4.934,7.167,41.749,6.95,200,122884,336,Search engine,170.163
12.982,8.748,55.201,7.42,200,122884,336,Search engine,1071.503
13.299,9.022,36.477,7.86,200,122884,337,Search engine,136.329
12.823,31.943,33.069,15.73,200,122884,337,Search engine,257.029
15.212,11.279,34.166,6.37,200,122884,338,Search engine,181.996
6.741,10.474,38.872,6.66,200,122884,338,Search engine,177.122
4.111,31.964,41.049,31.38,200,464087,339,Shopping,292.587
1.983,35.116,51.309,31.58,200,464087,339,Shopping,296.092
6.976,33.069,63.039,32.62,200,464087,340,Shopping,304.743
8.165,37.066,52.593,33,200,464087,340,Shopping,300.982
14.004,35.104,55.77,32.78,200,464087,341,Shopping,310.304
10.733,34.893,50.156,32.4,200,464087,341,Shopping,309.973
6.434,34.495,51.676,32.34,200,464087,341,Shopping,353.36
3.677,32.697,38.932,31.15,200,32716,30247,Social networking,326.825
4.92,61.577,71.001,30.72,200,32717,30248,Social networking,454.542
15.287,62.846,46.184,36.18,200,32717,30249,Social networking,406.416
8.845,33.78,39.06,28.67,200,32718,30250,Social networking,369.354
1.567,34.882,36.445,32.86,200,48752,30252,Social networking,623.313
14.743,46.202,37.601,29.55,200,48752,30253,Social networking,636.732
2.444,30.493,36.47,28.8,200,48752,30253,Social networking,623.512
14.868,32.412,38.386,28.88,200,48752,30254,Social networking,638.207
5.865,46.13,39.357,29.87,200,48752,30256,Social networking,663.267
2.686,47.054,52.11,25.25,200,85236,30258,Search engine,232.988
10.418,25.163,50.914,23.1,200,85217,30258,Search engine,213.945
2.718,37.588,45.111,24.76,200,85199,30258,Search engine,223.22
15.913,28.086,54.301,25.28,200,85391,30258,Search engine,243.382
13.244,29.408,53.052,24.45,200,85584,30259,Search engine,261.651
16.771,26.762,56.156,24.92,200,85539,30259,Search engine,230.499
4.682,32.731,66.053,27.43,200,85571,30259,Search engine,260.445
15.98,46.509,49.144,37.37,200,85277,30259,Search engine,259.952
4.827,31.607,49.042,23.4,200,85297,30300,Search engine,231.289
41.356,28.383,36.696,26.49,200,1462,30300,Social networking,212.293
1.551,45.983,51.517,25.98,200,1462,30301,Social networking,206.577
3.639,185.6,114.293,25.04,200,394975,30302,Social networking,1356.888
10.487,178.41,31.729,28.32,200,394979,30303,Social networking,1020.02
5.106,98.861,47.69,26.49,200,1462,30306,Social networking,347.559
6.369,25.779,165.799,25.01,200,1462,30306,Social networking,301.663
15.745,76.77,39.465,30.09,200,1462,30307,Social networking,223.817
8.451,32.394,65.215,29.5,200,880483,30307,Entertainment,479.094
3.935,32.427,47.722,29.57,200,880210,30307,Entertainment,415.587
2.481,48.525,67.83,30.94,200,879616,30308,Entertainment,531.802
9.674,46.544,48.886,33.47,200,881257,30311,Entertainment,507.094
16.498,59.666,74.629,58.81,200,196894,30313,Shopping,411.286
16.202,60.395,73.027,59.96,200,196894,30314,Shopping,411.859
13.68,77.605,73.762,57.78,200,196894,30314,Shopping,439.764
10.514,62.248,86.332,58.06,200,196894,30315,Shopping,445.704
3.54,78.121,74.001,56.98,200,196894,30316,Shopping,428.273
10.644,62.95,70.854,58.96,200,196894,30316,Shopping,446.3
18.97,31.403,17.53,5.66,200,280286,30317,News,143.905
7.983,6.731,14.198,4.96,200,280286,30317,News,84.542
7.884,7.037,13.515,5.37,200,280286,30317,News,173.577
13.075,30.538,13.406,5.65,200,280286,30317,News,123.52
6.993,6.641,14.153,4.95,200,280286,30318,News,84.003
7.679,31.272,18.759,5.14,200,280286,30318,News,131.928
4.324,32.757,14.124,8.7,200,280286,30318,News,144.583
2.925,30.059,14.383,6.36,200,280286,30318,News,110.717
1.891,62.397,68.436,60.17,200,119573,30319,Reference,381.077
13.237,65.063,75.013,59.7,200,119573,30319,Reference,428.706
4.715,57.255,76.713,57.22,200,119573,30321,Reference,408.024
1.269,77.815,70.016,59.83,200,119573,30321,Reference,389.375
17.13,63.603,68.51,59.92,200,119573,30322,Reference,396.192
7.724,60.72,72.385,58.33,200,119573,30322,Reference,390.496
3.831,79.231,69.157,59.86,200,119573,30322,Reference,444.942
13.991,30.41,36.66,17.18,200,423648,30323,Education,200.515
8.589,6.849,27.076,4.95,200,423648,30323,Education,181.817
0.858,6.929,25.143,6.66,200,423648,30324,Education,153.03
4.641,6.556,58.516,4.48,200,423648,30324,Education,170.187
11.005,6.978,28.55,5.91,200,423648,30324,Education,171.741
1.483,8.109,27.37,6.56,200,423648,30325,Education,140.753
3.554,31.8,13.581,10.87,200,431382,30325,News,282.613
6.373,8.815,24.785,6.53,200,431507,30325,News,242.031
3.145,15.789,19.282,4.83,200,431370,30325,News,315.369
6.46,31.253,19.74,5.74,200,431507,30326,News,336.185
6.716,7.243,28.147,5.31,200,431749,30326,News,203.442
11.801,30.311,19.066,4.88,200,431270,30327,News,231.663
1.565,31.835,18.896,5.7,200,431737,30327,News,243.792
13.689,31.315,19.534,7.52,200,431270,30327,News,246.602
7.396,9.564,26.208,4.63,200,431573,30327,News,206.514
35.414,28.438,34.318,27.89,200,151651,30328,Technology,235.848
2.721,27.186,38.816,24.9,200,151651,30328,Technology,221.05
15.44,29.368,52.624,27.03,200,151651,30329,Technology,233.771
11.626,33.161,37.851,31.48,200,151651,30329,Technology,215.177
14.08,30.284,39.061,26.34,200,151651,30329,Technology,259.829
1.903,31.421,50.4,26.16,200,151651,30330,Technology,249.378
15.908,27.807,35.635,27.07,200,151651,30330,Technology,217.279
1.865,79.645,67.431,57.27,200,1118338,30333,Social networking,1132.029
15.019,57.651,65.898,57.45,200,1119008,30334,Social networking,1206.906
45.267,59.291,76.11,58.52,200,1119318,30335,Social networking,1238.646
2.916,79.1,68.465,64.12,200,1119083,30338,Social networking,1458.398
2.535,61.947,82.522,57.67,200,1119094,30339,Social networking,1147.249
15.569,59.353,69.509,57.94,200,1320842,30342,Social networking,1315.617
16.369,31.542,62.17,29.48,200,201253,30344,Technology,263.772
10.965,46.728,67.243,31.15,200,201253,30344,Technology,269.054
9.043,28.523,91.887,24.92,200,201253,30344,Technology,325.068
10.976,45.666,68.42,27.82,200,201253,30345,Technology,327.971
11.71,46.054,66.747,26.52,200,201253,30345,Technology,301.61
1.137,40.733,101.577,27.84,200,201253,30346,Technology,353.465
5.52,27.279,66.081,27.1,200,201253,30346,Technology,242.077
58.25,32.656,37,11.89,200,122884,30347,Search engine,257.106
14.185,7.318,46.817,5,200,122884,30347,Search engine,188.054
7.696,6.974,32.654,5.45,200,122884,30347,Search engine,188.373
9.843,7.192,91.109,5.93,200,122884,30347,Search engine,267.673
8.33,7.321,34.442,5.63,200,122884,30348,Search engine,205.708
5.068,9.916,84.601,7,200,122884,30348,Search engine,207.92
4.907,8.883,91.419,6.56,200,122884,30348,Search engine,248.199
50.083,33.526,44.611,32.14,200,464481,30349,Shopping,1163.785
1.61,36.368,43.793,31.37,200,464481,30350,Shopping,297.152
12.307,34.594,43.045,34.07,200,464481,30351,Shopping,383.249
11.918,46.446,44.042,31.5,200,464481,30352,Shopping,399.624
8.901,32.921,40.45,32.11,200,464481,30353,Shopping,318.833
42.021,32.04,48.824,32.02,200,32763,60723,Social networking,580.144
15.711,36.53,44.885,33.66,200,32763,60724,Social networking,378.15
14.707,39.734,37.543,33.48,200,32766,60724,Social networking,350.878
5.508,33.191,39.917,31.32,200,32764,60724,Social networking,530.579
6.146,33.706,47.857,30.32,200,32764,60725,Social networking,572.037
6.817,38.895,42.689,33.36,200,32765,60726,Social networking,536.414
13.616,45.758,54.701,30.92,200,32764,60726,Social networking,395.481
8.59,36.824,43.466,31.19,200,32764,60727,Social networking,363.025
8.294,32.718,57.563,31.26,200,32764,60727,Social networking,379.385
31.464,32.797,41.903,30.57,200,48754,60728,Social networking,672.01
8.54,45.988,41.784,30.91,200,48752,60729,Social networking,687.567
10.789,33.953,37.912,29.96,200,48754,60729,Social networking,690.104
13.211,38.234,45.569,30.14,200,48754,60730,Social networking,659.374
12.55,45.333,41.378,29.75,200,48754,60731,Social networking,867.635
15.821,158.778,165.128,33.55,200,48764,60733,Social networking,1205.616
2.685,34.059,172.869,31.23,200,48749,60734,Social networking,1020.408
12.138,173.37,146.716,31.92,200,48767,60735,Social networking,1031.218
6.429,109.408,36.692,34.31,200,48754,60736,Social networking,885.785
11.691,142.315,107.998,26.9,200,85231,60737,Search engine,399.058
16.356,32.258,64.966,28.04,200,85495,60737,Search engine,249.367
3.952,28.64,56.257,24.79,200,85157,60738,Search engine,228
14.936,38.474,62.277,26.91,200,85255,60738,Search engine,262.32
1.65,25.597,57.918,24.03,200,85258,60738,Search engine,236.22
1.971,30.191,54.327,25.38,200,85234,60739,Search engine,223.134
14.968,32.729,50.229,26.24,200,85496,60739,Search engine,238.692
14.615,29.275,54.778,25.87,200,85488,60739,Search engine,248.035
15.579,31.71,39.283,28.54,200,1462,60740,Social networking,206.774
7.136,48.049,51.499,32.08,200,393978,60740,Social networking,689.219
11.192,27.953,38.166,27.39,200,1462,60741,Social networking,235.121
10.843,27.936,54.428,27.73,200,402330,60741,Social networking,749.297
13.85,46.435,51.609,29.56,200,1462,60742,Social networking,225.283
13.702,46.336,40.598,38.83,200,1462,60742,Social networking,219.702
18.718,30.534,50.855,25.86,200,1462,60742,Social networking,204.74
17.088,27.898,39.786,27,200,1462,60743,Social networking,209.984
16.021,28.067,39.409,26.22,200,1462,60743,Social networking,199.728
4.98,29.978,36.293,27.57,200,1462,60743,Social networking,168.207
13.231,32.859,66.141,29.7,200,881930,60744,Entertainment,497.738
11.023,37.614,62.243,31.99,200,881369,60745,Entertainment,448.875
15.897,28.67,55.518,28.21,200,884331,60745,Entertainment,425.08
11.049,29.314,53.227,28.71,200,880076,60748,Entertainment,474.92
36.434,100.033,107.902,76.77,200,196894,60748,Shopping,656.118
9.507,96.873,104.733,76.45,200,196894,60749,Shopping,694.552
4.163,96.779,104.403,78.25,200,196894,60750,Shopping,615.331
13.104,88.43,99.841,79.31,200,196894,60751,Shopping,568.42
16.856,75.755,86.838,75.41,200,196894,60752,Shopping,482.442
19.894,108.615,117.553,77.52,200,196894,60753,Shopping,691.758
10.545,91.548,95.214,76.53,200,196894,60754,Shopping,573.937
13.708,96.507,107.66,74.66,200,196894,60754,Shopping,644.524
46.224,31.461,39.815,28.29,200,280081,60755,News,311.591
16.372,29.619,45.664,26.78,200,280081,60755,News,240.054
11.191,30.084,37.497,28.48,200,280081,60755,News,234.64
12.832,30.479,37.586,27.17,200,280081,60756,News,247.047
11.967,44.423,35.228,39.23,200,280081,60756,News,233.557
10.006,29.444,41.822,26.01,200,280081,60756,News,241.536
1.665,31.671,39.148,26.84,200,280081,60757,News,232.873
2.143,48.377,42.701,26.23,200,280081,60757,News,245.471
1.529,61.733,69.354,58.9,200,119573,60758,Reference,380.448
9.441,79.343,74.516,59.01,200,119573,60759,Reference,389.34
10.698,58.186,65.753,57.28,200,119573,60759,Reference,374.353
10.388,136.441,470.344,57.66,200,119573,60759,Reference,1183.301
5.222,280.605,144.574,64.26,200,119573,60802,Reference,867.671
12.723,268.276,144.448,60.2,200,119573,60802,Reference,1008.095
11.191,273.369,66.756,61.18,200,119573,60804,Reference,902.246
7.589,232.993,145.595,74.03,200,119573,60805,Reference,966.242
4.771,30.494,147.421,6.75,200,423648,60806,Education,325.867
16.245,97.383,33.111,6.27,200,423648,60806,Education,291.004
7.591,31.13,49.76,10.75,200,423648,60806,Education,256.882
8.208,6.775,22.04,4.78,200,423648,60807,Education,93.177
14.487,7.815,26.454,6.22,200,423648,60807,Education,114.894
13.866,9.343,26.139,6.9,200,423648,60807,Education,102.866
10.589,7.246,26.676,5.45,200,423648,60807,Education,100.029
10.065,7.259,27.146,5.82,200,423648,60807,Education,102.009
7.531,8.957,25.445,6.32,200,423648,60807,Education,104.52
3.301,7.029,28.031,5.57,200,423648,60807,Education,97.305
17.224,7.427,29.779,6.93,200,427391,60807,News,206.636
3.262,31.799,20.615,6.69,200,427162,60808,News,207.866
7.28,8.079,26.565,4.92,200,427391,60808,News,210.462
7.67,7.416,28.375,5.25,200,427162,60808,News,191.55
9.086,7.388,27.882,7.17,200,427391,60808,News,181.959
3.436,7.428,27.816,7.36,200,427024,60808,News,174.329
6.907,7.405,28.12,5.57,200,427024,60809,News,193.691
9.503,7.28,28.536,6.82,200,427162,60809,News,181.048
7.21,30.665,20.589,5.09,200,427215,60809,News,192.597
45.513,28.66,38.265,27.87,200,151651,60809,Technology,229.596
10.602,28.198,36.24,27.94,200,151651,60810,Technology,196.315
1.143,29.381,39.987,27.25,200,151651,60811,Technology,201.616
2.523,29.477,39.727,28.61,200,151651,60811,Technology,210.037
11.784,28.042,37.923,26.87,200,151651,60811,Technology,200.117
8.328,34.555,49.224,33.8,200,151651,60811,Technology,225.937
9.044,29.149,60.116,25.98,200,1119086,60812,Social networking,951.649
17.453,31.219,83.694,26.08,200,1172642,60813,Social networking,841.458
7.957,28.12,64.179,24.93,200,1371017,60814,Social networking,1514.764
18.819,29.051,58.071,26.13,200,1321029,60815,Social networking,1572.868
6.545,27.435,58.49,24.65,200,1119301,60817,Social networking,796.357
11.755,28.349,62.861,25.28,200,1321217,60818,Social networking,942.514
12.439,29.658,77.923,28.19,200,1321197,60819,Social networking,1004.008
10.731,27.833,64.295,27.34,200,1119065,60820,Social networking,807.545
4.8,27.345,66.089,26.79,200,1321185,60820,Social networking,966.642
11.619,31.543,75.165,25.91,200,1321128,60821,Social networking,976.922
35.262,30.027,74.32,28.14,200,201253,60822,Technology,285.964
16.723,30.223,81.659,27.16,200,201253,60823,Technology,272.273
15.191,30.153,82.644,28.51,200,201253,60823,Technology,289.954
5.598,29.738,81.247,27.02,200,201253,60824,Technology,265.387
4.066,28.04,69.001,27.18,200,201253,60824,Technology,262.06
6.46,28.769,69.77,27.26,200,201253,60824,Technology,251.74
6.23,29.538,81.319,26.47,200,201253,60825,Technology,280.894
7.495,31.856,79.614,26.96,200,201253,60825,Technology,265.357
7.826,6.637,41.966,5.14,200,122884,60826,Search engine,180.536
6.757,30.663,27.604,5.22,200,122884,60826,Search engine,159.146
10.008,7.02,42.061,5.51,200,122884,60827,Search engine,172.143
2.264,7.665,41.262,5.1,200,122884,60827,Search engine,178.743
2.197,8.078,53.835,5.24,200,122884,60827,Search engine,161.065
6.255,8.004,30.109,5.2,200,122884,60827,Search engine,145.674
6.315,31.671,27.033,5.72,200,122884,60827,Search engine,181.298
47.192,32.844,40.089,32.7,200,464199,60827,Shopping,711.473
8.168,32.653,43.306,31.25,200,464199,60828,Shopping,309.694
3.447,33.709,41.123,32.28,200,464199,60829,Shopping,326.47
8.555,37.586,50.8,32.9,200,464199,60830,Shopping,307.588
13.243,33.644,43.259,31.01,200,464199,60831,Shopping,329.418
45.823,35.54,53.827,24.91,200,32783,150006,Social networking,404.39
12.424,47.024,44.376,31.28,200,32785,150006,Social networking,563.691
11.116,30.944,49.952,30.62,200,32784,150007,Social networking,593.262
15.808,34.944,42.415,31.2,200,32785,150008,Social networking,343.039
15.813,33.563,39.227,32.34,200,32784,150009,Social networking,347.465
11.979,31.786,39.651,31.57,200,32784,150009,Social networking,337.535
43.02,35.432,47.575,32.51,200,48757,150010,Social networking,749.283
11.049,32.851,49.411,29.55,200,48757,150012,Social networking,698.903
14.264,35.318,40.3,31.46,200,48757,150013,Social networking,699.139
5.705,34.39,48.699,28.8,200,48757,150013,Social networking,673.456
5.575,32.009,39.351,31.01,200,48752,150014,Social networking,654.436
7.913,32.976,41.117,32.61,200,48757,150015,Social networking,713.717
11.596,32.243,42.636,31.11,200,48757,150017,Social networking,695.44
39.626,32.089,54.157,26.2,200,85490,150018,Search engine,273.811
8.125,25.341,58.644,24.65,200,85265,150018,Search engine,227.945
11.867,37.522,60.223,31.44,200,85528,150019,Search engine,318.094
8.815,27.943,54.354,26.88,200,85235,150019,Search engine,225.357
4.513,29.128,47.453,25.34,200,85504,150019,Search engine,217.839
10.047,28.412,52.709,25.08,200,85464,150020,Search engine,230.38
15.612,32.374,47.41,27.86,200,85515,150020,Search engine,221.769
43.451,34.452,43.935,29.22,200,1462,150020,Social networking,201.952
13.9,31.66,51.3,29.94,200,1462,150021,Social networking,196.874
7.545,34.234,48.599,28.35,200,403146,150021,Social networking,996.426
13.152,33.311,48.029,31.28,200,1462,150022,Social networking,175.218
14.893,32.882,49.565,28.39,200,395223,150023,Social networking,738.37
15.36,39.855,40.257,29.54,200,395930,150023,Social networking,928.103
10.408,46.552,50.748,30.2,200,1462,150024,Social networking,190.287
9.095,32.708,51.42,29.7,200,1462,150024,Social networking,174.989
15.01,38.79,61.099,28.12,200,879865,150026,Entertainment,485.252
6.569,28.175,55.344,26.73,200,880996,150028,Entertainment,430.842
12.857,31.046,51.925,28.59,200,880661,150028,Entertainment,435.407
9.289,47.354,45.692,28.39,200,883667,150029,Entertainment,446.568
11.289,53.052,61.852,51.1,200,196894,150030,Shopping,362.197
13.925,59.26,60.379,51.84,200,196894,150031,Shopping,380.126
4.604,53.749,63.618,51.58,200,196894,150031,Shopping,353.222
12.342,53.534,62.86,51.26,200,196894,150032,Shopping,363.069
36.697,8.712,20.674,8.14,200,283023,150033,News,129.372
7.918,32.055,15.651,5.25,200,283023,150033,News,105.774
5.591,9.208,16.315,4.78,200,283023,150034,News,90.386
1.172,32.278,17.437,4.88,200,283023,150034,News,110.23
7.228,8,14.661,6.37,200,283023,150034,News,88.229
3.502,31.64,16.006,6.02,200,283023,150034,News,109.656
9.813,8.346,16.328,5.44,200,283023,150034,News,104.178
8.648,7.141,15.015,4.38,200,283023,150034,News,112.437
11.9,7.398,14.828,6.23,200,283023,150034,News,88.611
5.265,7.199,19.409,6.87,200,283023,150034,News,89.327
12.881,48.999,57.944,46.78,200,119573,150035,Reference,311.909
5.958,50.503,60.608,49.35,200,119573,150035,Reference,314.533
15.745,49.367,56.428,48.06,200,119573,150036,Reference,312.575
14.212,51.308,59.481,48.24,200,119573,150036,Reference,329.643
9.203,48.408,57.937,47.49,200,119573,150037,Reference,308.809
10.554,51.322,61.773,46.97,200,119573,150037,Reference,340.157
43.719,10.27,27.652,8.04,200,423648,150038,Education,146.714
12.141,7.416,27.739,5.59,200,423648,150038,Education,110.08
16.124,31.803,34.679,6.15,200,423648,150039,Education,144.661
3.813,30.807,28.186,5.94,200,423648,150039,Education,158.032
2.505,30.571,34.39,5.48,200,423648,150039,Education,127.402
5.879,7.93,27.781,5.87,200,423648,150039,Education,98.631
8.411,7.612,23.537,5.5,200,423648,150039,Education,104.951
2.935,8.533,25.222,6.5,200,423648,150039,Education,113.878
4.929,30.498,35.501,5.88,200,423648,150039,Education,122.98
31.877,7.94,30.602,6.74,200,424773,150040,News,210.339
15.554,7.725,27.33,5.29,200,424773,150040,News,189.745
5.843,8.027,27.152,5.73,200,424773,150040,News,175.693
8.206,7.821,26.868,4.55,200,425225,150040,News,195.32
2.085,31.571,19.906,10.99,200,424988,150040,News,193.059
1.875,32.224,20.326,7.88,200,424773,150041,News,220.192
11.086,8.228,14.686,5.09,200,424988,150041,News,182.221
6.7,8.168,28.713,6.13,200,424773,150041,News,184.572
0.905,30.991,19.698,6.64,200,424988,150041,News,190.636
5.387,7.271,27.132,6.39,200,425546,150041,News,190.749
36.371,29.224,40.721,27.02,200,151651,150042,Technology,230.086
1.844,25.627,40.06,25.59,200,151651,150043,Technology,181.171
41.218,29.778,79.307,25.62,200,1119061,150044,Social networking,1221.224
14.101,28.628,59.465,28.02,200,1321094,150045,Social networking,1065.306
13.638,28.667,66.108,25.51,200,1119147,150046,Social networking,797.135
13.985,28.386,65.847,25.59,200,1172136,150047,Social networking,872.304
5.346,29.237,68.025,25.13,200,1119249,150048,Social networking,936
14.642,29.099,56.277,24.87,200,1321158,150049,Social networking,1288.891
32.291,54.799,68.644,25.25,200,1320932,150050,Social networking,1320.066
15.246,28.096,62.405,26.74,200,1320998,150052,Social networking,1658.771
18.89,28.689,63.059,26.89,200,1320979,150053,Social networking,1017.474
41.27,30.712,84.281,27.72,200,201253,150056,Technology,315.389
13.276,29.703,76.71,27.72,200,201253,150056,Technology,266.796
7.379,28.677,70.662,28.21,200,201253,150058,Technology,257.035
4.857,29.972,83.56,27.3,200,201253,150058,Technology,275.788
12.43,29.813,81.023,26.67,200,201253,150058,Technology,270.27
43.77,15.8,52.542,7.18,200,122884,150059,Search engine,182.37
5.053,7.765,42.89,6.31,200,122884,150059,Search engine,156.67
14.465,8.649,31.929,5.96,200,122884,150059,Search engine,159.192
16.935,7.986,30.605,6.29,200,122884,150100,Search engine,191.327
4.835,31.406,38.382,6.19,200,122884,150100,Search engine,187.048
13.819,8.342,46.062,6.8,200,122884,150100,Search engine,157.618
14.381,21.34,48.397,13.66,200,122884,150100,Search engine,203.929
4.361,31.642,35.512,6.45,200,122884,150100,Search engine,161.462
1.209,33.478,35.165,8.37,200,122884,150101,Search engine,191.41
35.504,47.366,49.682,30.97,200,454055,150101,Shopping,648.722
10.259,47.011,42.495,32.68,200,454055,150102,Shopping,289.1
14.409,31.079,39.221,29.2,200,454055,150102,Shopping,287.696
1.257,33.622,42.022,28.63,200,454055,150102,Shopping,275.961
11.956,31.758,41.952,30.09,200,454055,150103,Shopping,270.994
14.328,48.053,42.536,30.87,200,454055,150104,Shopping,292.017
18.279,35.8,44.835,30.02,200,454055,150104,Shopping,296.427
6.982,31.59,38.584,31.31,200,32785,180116,Social networking,645.481
12.289,32.426,39.181,32.14,200,32784,180117,Social networking,334.505
2.764,46.408,41.484,31.35,200,32784,180117,Social networking,537.969
8.799,46.438,38.332,32.19,200,32784,180118,Social networking,350.004
13.101,34.967,44.979,31.14,200,32784,180118,Social networking,416.734
13.684,33.756,40.874,32.27,200,32785,180118,Social networking,344.808
10.318,36.097,32.421,31.41,200,48758,180123,Social networking,537.603
1.517,46.749,36.946,31.93,200,48758,180125,Social networking,557.691
12.578,29.001,52.916,25.82,200,85322,180126,Search engine,241.195
8.015,26.069,55.423,24.53,200,85260,180126,Search engine,222.585
9.065,46.711,51.207,24.36,200,85447,180127,Search engine,253.156
8.79,47.007,52.519,24.93,200,85173,180127,Search engine,255.41
6.59,47.873,50.939,26.43,200,85361,180127,Search engine,245.243
13.83,46.725,51.187,25.3,200,85279,180127,Search engine,243.4
8.288,24.562,57.471,24.46,200,85220,180128,Search engine,216.489
9.146,25.676,56.814,25.37,200,85501,180128,Search engine,225.278
33.929,28.229,38.325,26.7,200,404262,180129,Social networking,1205.088
10.418,35.068,37.808,27,200,12928,180130,Social networking,278.246
3.055,27.357,38.706,25.19,200,1462,180131,Social networking,173.637
3.537,27.721,37.197,25.44,200,12928,180131,Social networking,205.162
3.163,32.228,49.129,25.24,200,395238,180131,Social networking,887.446
11.99,28.629,51.84,25.37,200,1462,180132,Social networking,193.935
8.379,27.78,37.017,26.03,200,1462,180133,Social networking,195.453
3.14,29.808,52.954,25.56,200,1462,180133,Social networking,212.315
11.147,27.676,54.279,26.73,200,879006,180133,Entertainment,522.81
12.811,25.941,56.738,25.41,200,881972,180134,Entertainment,351.964
5.047,26.672,57.142,25.42,200,883170,180134,Entertainment,368.049
6.923,26.363,57.136,25.84,200,882638,180135,Entertainment,423.018
7.622,47.635,50.679,25.19,200,883807,180135,Entertainment,396.051
2.923,40.713,58.48,26.43,200,882407,180136,Entertainment,467.653
3.61,27.052,56.962,25.53,200,882651,180137,Entertainment,361.622
3.245,26.607,57.148,24.64,200,882058,180137,Entertainment,387.193
33.853,62.831,57.302,51.12,200,196894,180137,Shopping,376.507
8.391,51.929,65.581,51.13,200,196894,180138,Shopping,363.983
5.061,78.446,65.837,51.13,200,196894,180139,Shopping,382.793
16.088,53.387,68.568,51.23,200,196894,180140,Shopping,366.246
15.064,52.541,61.791,51.58,200,196894,180140,Shopping,387.297
11.269,62.286,56.775,51.13,200,196894,180140,Shopping,349.566
15.242,63.694,66.915,51.21,200,196894,180141,Shopping,379.79
3.556,53.552,63.215,50.87,200,196894,180141,Shopping,357.074
12.848,7.305,17.168,7.08,200,283708,180142,News,89.856
6.789,7.087,14.482,6.74,200,283708,180142,News,86.345
6.669,7.135,16.558,5.69,200,283708,180142,News,82.507
9.214,8.189,33.913,5.13,200,283708,180142,News,125.077
14.499,8.102,14.446,7.06,200,283708,180142,News,84.021
1.139,8.036,15.065,5.29,200,283708,180142,News,80.476
4.709,31.279,15.601,5.89,200,283708,180142,News,107.727
12.248,31.574,18.015,6.88,200,283708,180142,News,111.319
2.309,7.79,16.594,6.45,200,283708,180142,News,91.484
8.188,31.055,14.613,7.67,200,283708,180143,News,108.269
2.487,50.518,57.235,48.93,200,119573,180143,Reference,319.192
8.539,49.324,56.671,48.79,200,119573,180144,Reference,321.657
7.205,62.184,54.351,51.79,200,119573,180144,Reference,307.238
5.771,62.4,63.904,46.78,200,119573,180144,Reference,320.861
6.086,49.831,55.673,47.28,200,119573,180145,Reference,325.987
5.289,50.293,56.776,47.53,200,119573,180146,Reference,315.266
14.444,62.606,56.619,48.3,200,119573,180146,Reference,356.526
7.243,7.148,27,5.58,200,423648,180146,Education,97.524
9.388,30.982,33.978,6.09,200,423648,180146,Education,135.298
4.746,7.677,26.681,6.19,200,423648,180147,Education,93.261
12.845,31.354,24.34,4.65,200,423648,180147,Education,130.145
12.24,30.573,49.789,8.18,200,423648,180147,Education,146.822
12.409,32.233,35.513,6.68,200,423648,180147,Education,140.525
1.267,6.874,29.488,6.77,200,423648,180147,Education,101.051
15.294,30.781,36.215,6.88,200,423648,180147,Education,138.598
9.768,8.1,27.141,6.69,200,423648,180148,Education,102.998
11.138,7.275,26.861,6.47,200,425900,180148,News,200.554
1.348,7.684,27.349,6.28,200,426115,180148,News,170.534
8.17,7.522,26.29,6.47,200,426115,180148,News,176.038
3.761,7.884,16.59,6.7,200,426059,180148,News,182.349
11.259,7.789,27.797,6.29,200,426832,180149,News,199.987
7.049,7.795,16.375,5.54,200,426059,180149,News,170.285
12.761,7.373,26.712,6.99,200,426115,180149,News,180.751
8.432,7.448,27.626,5.05,200,426673,180149,News,194.791
1.679,28.588,52.147,26.8,200,151651,180150,Technology,221.685
2.843,28.359,34.672,25.46,200,151651,180151,Technology,221.599
2.352,27.714,55.327,25.66,200,151651,180151,Technology,221.299
1.191,46.813,50.538,27.16,200,151651,180151,Technology,226.885
7.94,54.323,58.441,50.27,200,1119047,180154,Social networking,1475.931
11.115,50,62.747,48.33,200,1118918,180156,Social networking,1138.939
25.18,50.41,62.989,50.05,200,1321069,180202,Social networking,1967.561
6.879,50.257,78.339,48.98,200,1119120,180204,Social networking,2039.776
44.468,28.974,80.94,28.04,200,201253,180207,Technology,319.989
11.402,29.05,79.912,26.74,200,201253,180208,Technology,318.061
4.745,33.042,82.139,26.51,200,201253,180208,Technology,276.857
9.976,28.373,65.363,27.5,200,201253,180208,Technology,262.916
9.68,47.635,82.403,27.02,200,201253,180209,Technology,302.302
6.832,26.988,64.805,26.84,200,201253,180210,Technology,274.307
16.603,8.336,43.674,7.68,200,122884,180210,Search engine,171.418
8.397,8.036,41.851,5.74,200,122884,180210,Search engine,175.837
12.64,9.398,65.588,6.05,200,122884,180211,Search engine,203.055
2.551,8.098,42.816,5.65,200,122884,180211,Search engine,160.482
6.982,8.307,47.166,5.25,200,122884,180211,Search engine,132.716
5.901,7.826,30.188,6.66,200,122884,180211,Search engine,158.341
9.94,30.737,37.372,5.57,200,122884,180211,Search engine,202.902
14.178,8.043,52.714,7.53,200,122884,180212,Search engine,209.848
10.852,8.036,30.86,6.88,200,122884,180212,Search engine,157.701
49.31,46.713,46.866,36.04,200,437426,180212,Shopping,963.568
10.997,34.679,46.669,32.81,200,437426,180213,Shopping,321.322
11.142,32.883,42.164,32.57,200,437426,180214,Shopping,290.314
10.506,33.304,42.41,32.73,200,437426,180214,Shopping,304.652
11.797,48.073,51.889,32.02,200,437426,180215,Shopping,321.792
11.823,32.89,41.609,31.85,200,437426,180215,Shopping,303.154
11.94,46.265,42.366,32.68,200,437426,180215,Shopping,303.462
11.539,34.091,41.752,32.2,200,437426,180216,Shopping,306.754
26.572,35.208,58.879,34.18,200,32784,210343,Social networking,397.218
15.096,34.801,41.489,31.73,200,32784,210344,Social networking,360.9
14.187,30.79,45.475,30.44,200,32784,210345,Social networking,348.082
8.996,36.081,47.462,32.69,200,32784,210345,Social networking,350.47
8.903,51.982,52.059,51.62,200,32784,210346,Social networking,397.338
2.865,46.676,46.082,38.48,200,32785,210347,Social networking,359.693
33.526,47.628,41.558,30.61,200,48772,210348,Social networking,699.801
12.849,32.437,43.168,29.17,200,48758,210348,Social networking,662.283
11.351,32.854,112.192,31.47,200,48758,210349,Social networking,736.701
14.2,47.284,42.015,40.99,200,48758,210350,Social networking,676.765
1.858,33.112,42.044,30.56,200,48758,210351,Social networking,686.049
2.939,32.037,40.788,29.11,200,49006,210352,Social networking,679.342
13.104,32.276,42.131,29.66,200,48772,210353,Social networking,679.426
3.555,46.712,53.798,30.63,200,85184,210355,Search engine,238.596
9.605,46.397,53.136,25.97,200,85218,210356,Search engine,265.755
13.031,27.725,58.293,25.96,200,85300,210356,Search engine,278.39
14.235,47.267,50.563,26.19,200,85220,210356,Search engine,244.552
6.741,47.742,56.215,25.79,200,85228,210356,Search engine,240.34
3.254,31.469,52.09,27.26,200,85353,210357,Search engine,240.134
10.908,47.123,51.592,28.59,200,85312,210357,Search engine,271.012
46.153,37.949,46.784,26.65,200,1462,210358,Social networking,239.217
2.486,26.994,38.942,26.85,200,1462,210358,Social networking,181.129
6.209,34.688,96.608,29.57,200,1462,210358,Social networking,252.981
3.78,44.526,39.355,26.02,200,1462,210359,Social networking,190.849
13.824,28.009,39.363,26.24,200,395244,210359,Social networking,718.885
14.557,28.654,87.344,28.19,200,1462,210400,Social networking,263.01
16.236,30.714,38.245,28,200,1462,210400,Social networking,222.514
12.088,29.495,87.84,26.16,200,1462,210400,Social networking,294.676
15.791,25.979,61.346,25.54,200,881175,210401,Entertainment,483.272
14.968,29.057,56.916,26.4,200,876554,210401,Entertainment,435.236
5.414,29.004,55.861,25.27,200,879081,210402,Entertainment,452.998
1.347,28.076,57.322,25.83,200,882908,210402,Entertainment,604.47
2.199,31.421,50.743,25.66,200,877693,210403,Entertainment,405.415
16.428,28.518,69.778,27.33,200,881452,210403,Entertainment,509.965
4.283,27.884,57.127,26.48,200,882933,210404,Entertainment,467.108
8.673,29.914,53.888,27.08,200,880712,210405,Entertainment,506.358
30.43,85.261,98.267,76.07,200,196894,210406,Shopping,581.858
8.583,85.421,92.823,77.78,200,196894,210406,Shopping,548.11
1.68,83.065,91.647,77.01,200,196894,210408,Shopping,538.262
5.775,81.221,89.234,78.49,200,196894,210409,Shopping,526.681
13.023,93.531,102.46,76.95,200,196894,210410,Shopping,574.357
11.258,78.344,88.675,76.82,200,196894,210410,Shopping,528.189
12.246,77.676,87.59,76.59,200,196894,210411,Shopping,523.586
45.868,155.783,126.73,26.99,200,281977,210412,News,1207.201
13.802,167.467,136.291,29.67,200,281977,210413,News,867.063
14.123,28.131,38.757,26.78,200,281977,210418,News,239.493
16.998,31.485,44.443,29.45,200,281977,210418,News,261.075
16.771,27.977,39.906,25.71,200,281977,210419,News,294.184
16.81,29.484,44.51,27.52,200,281977,210419,News,314.787
4.573,50.836,60.987,49.31,200,119573,210420,Reference,317.584
8.768,56.546,63.286,49.26,200,119573,210420,Reference,349.619
8.18,61.541,62.962,48.2,200,119573,210421,Reference,375.665
12.049,77.546,60.873,49.83,200,119573,210421,Reference,350.487
15.249,50.704,63.486,47.62,200,119573,210421,Reference,352.92
12.102,50.538,60.091,48.66,200,119573,210422,Reference,318.701
14.784,52.173,59.109,48.71,200,119573,210423,Reference,334.693
42.309,29.686,24.482,6.93,200,423648,210423,Education,185.229
1.913,8.105,29.251,5.87,200,423648,210424,Education,140.357
6.314,8.757,41.688,6.34,200,423648,210424,Education,146.874
1.652,8.178,29.119,6.86,200,423648,210424,Education,145.804
1.76,7.685,25.83,7.04,200,423648,210424,Education,118.183
12.642,12.806,40.312,12.54,200,423648,210424,Education,167.297
11.501,8.03,28.271,6.33,200,423648,210425,Education,164.262
7.823,24.204,77.757,19.2,200,423648,210425,Education,199.754
4.932,12.007,26.665,6.84,200,426707,210426,News,236.596
4.668,7.018,15.451,6.7,200,426707,210426,News,195.086
14.095,9.881,26.426,8.51,200,426707,210426,News,246.573
5.631,13.981,18.498,5.63,200,426707,210426,News,286.469
4.616,7.915,22.658,6.65,200,426707,210427,News,208.033
5.079,11.244,15.412,6.15,200,427480,210427,News,185.883
9.262,19.508,16.939,6.2,200,427483,210427,News,215.763
11.281,8.57,17.688,6.09,200,426710,210427,News,223.284
33.042,62.903,67.399,46.86,200,312779,210428,Technology,415.868
4.492,51.055,59.888,43.98,200,312779,210428,Technology,393.224
7.232,54.42,59.635,46.88,200,312779,210429,Technology,422.267
6.76,48.839,60.281,44.77,200,312779,210430,Technology,511.669
6.228,47.333,68.035,44.83,200,312779,210431,Technology,419.668
36.189,63.675,68.562,48,200,1119133,210432,Social networking,1084.939
4.019,54.354,110.396,49.27,200,1118973,210433,Social networking,1397.128
8.774,50.895,66.581,47.87,200,1118920,210438,Social networking,1635.343
42.229,29.85,72.892,27.7,200,201253,210447,Technology,296.143
8.901,30.487,82.264,28.71,200,201253,210447,Technology,303.751
14.978,29.368,91.132,28.15,200,201253,210448,Technology,283.392
13.981,28.122,68.18,27.77,200,201253,210448,Technology,272.117
8.499,28.676,83.588,26.96,200,201253,210448,Technology,272.672
17.04,30.359,77.689,27.09,200,201253,210449,Technology,277.86
10.201,27.889,68.139,26.62,200,201253,210449,Technology,252.675
15.878,9.774,44.093,7.49,200,122884,210450,Search engine,183.659
9.941,9.657,48.538,7.53,200,122884,210450,Search engine,181.442
6.772,8.819,104.018,6.57,200,122884,210451,Search engine,270.875
5.439,9.068,44.944,7.93,200,122884,210451,Search engine,199.184
16.739,7.218,36.734,5.85,200,122884,210452,Search engine,180.06
1.75,7.891,57.468,5.29,200,122884,210452,Search engine,182.027
46.873,8.738,30.439,6.94,200,463755,210452,Shopping,578.181
12.837,27.647,22.293,5.75,200,463755,210453,Shopping,216.36
15.7,8.545,25.093,5.89,200,463755,210454,Shopping,149.66
12.928,8.191,21.071,6.44,200,463755,210454,Shopping,167.429
6.407,7.337,20.061,5.59,200,463755,210454,Shopping,160.526
13.539,31.604,19.11,12.77,200,463755,210454,Shopping,193.251
11.858,8.386,20.191,4.99,200,463755,210454,Shopping,126.076
32.57,31.106,57.305,29.93,200,32785,90007,Social networking,374.956
6.101,45.752,46.853,29.95,200,32784,90008,Social networking,366.916
12.615,35.623,35.7,30.55,200,32784,90009,Social networking,333.304
5.934,32.654,46.196,29.85,200,32784,90009,Social networking,333.839
14.856,30.655,46.026,29.23,200,32784,90010,Social networking,357.872
15.349,50.645,68.768,29.44,200,32785,90010,Social networking,387.998
12.848,35.412,45.304,32.55,200,32784,90010,Social networking,360.41
7.098,45.358,42.309,33.02,200,32784,90011,Social networking,380.774
1.285,1038.676,45.296,28.36,200,32785,90011,Social networking,1365.271
8.029,34.233,37.209,30.13,200,50418,90013,Social networking,572.559
14.396,33.469,31.529,30.79,200,48722,90014,Social networking,516.663
11.942,33.508,45.752,31.47,200,48722,90015,Social networking,555.643
10.017,32.441,40.368,31.25,200,48722,90016,Social networking,556.764
31.223,32.327,51.247,26.48,200,85514,90019,Search engine,243.828
11.582,29.049,54.928,25.22,200,85300,90019,Search engine,231.64
16.747,30.585,51.81,25.98,200,85544,90019,Search engine,235.012
2.565,28.493,57.384,26.54,200,85240,90019,Search engine,235.568
15.992,28.46,53.428,26.09,200,85248,90020,Search engine,244.893
7.675,30.996,50.263,25.33,200,85209,90020,Search engine,225.279
3.999,30.684,50.178,26.69,200,85183,90020,Search engine,223.393
13.804,46.153,50.759,30.76,200,85239,90021,Search engine,249.131
1.95,27.187,53.885,25.09,200,85310,90021,Search engine,220.688
37.788,36.534,46.806,32.94,200,403721,90021,Social networking,810.568
14.436,29.7,36.253,27.51,200,1462,90024,Social networking,162.848
8.471,30.902,47.985,30.68,200,1462,90024,Social networking,166.475
9.581,38.18,61.58,23.83,200,881242,90026,Entertainment,444.929
2.197,28.831,51.108,24.97,200,879417,90027,Entertainment,459.298
4.683,28.77,55.141,24.38,200,881192,90027,Entertainment,470.503
10.146,26.427,54.624,24.59,200,878957,90028,Entertainment,427.178
11.498,27.316,57.759,23.98,200,880408,90029,Entertainment,466.409
2.766,25.309,57.558,24.12,200,880267,90029,Entertainment,452.611
41.364,67.242,78.316,57.8,200,196894,90030,Shopping,447.525
12.961,59.411,66.566,50.11,200,196894,90031,Shopping,412.357
10.406,62.991,70.792,51.4,200,196894,90032,Shopping,430.832
4.005,58.026,66.211,53.05,200,196894,90032,Shopping,380.048
11.302,63.04,73.628,49.86,200,196894,90033,Shopping,445.565
1.545,51.935,64.577,50.16,200,196894,90034,Shopping,369.408
3.024,59.855,69.363,51.65,200,196894,90034,Shopping,397.573
14.913,62.636,73.252,51.21,200,196894,90034,Shopping,420.956
8.441,31.331,32.585,5.13,200,282393,90035,News,211.74
6.005,9.61,25.164,5.59,200,282393,90035,News,146.954
17.554,8.53,21.025,7.94,200,282393,90035,News,186.198
5.343,7.94,13.8,5.94,200,282393,90036,News,114.529
6.373,6.897,14.337,4.67,200,282393,90036,News,110.986
11.311,8.156,12.562,4.9,200,282393,90036,News,98.888
15.355,8.598,15.788,5.5,200,282393,90036,News,123.056
10.355,7.296,13.592,5.01,200,282393,90036,News,120.566
32.212,61.618,68.909,60.2,200,119573,90036,Reference,409.316
12.111,77.97,71.963,57.82,200,119573,90037,Reference,392.796
11.506,57.49,70.252,57.16,200,119573,90037,Reference,364.372
9.265,62.578,70.722,58.71,200,119573,90038,Reference,395.72
4.614,59.334,70.014,57.96,200,119573,90039,Reference,374.839
5.569,61.53,68.948,57.21,200,119573,90039,Reference,381.478
12.762,62.273,69.115,59.78,200,119573,90040,Reference,393.161
6.115,14.631,36.202,5.58,200,423648,90041,Education,159.025
8.325,31.474,23.209,5.84,200,423648,90041,Education,169.465
15.445,16.163,20.925,4.95,200,423648,90041,Education,152.425
7.729,7.13,26.464,5.55,200,423648,90042,Education,146.801
8.437,6.759,22.087,5.1,200,423648,90042,Education,134.638
6.636,6.883,27.059,5.22,200,423648,90042,Education,139.012
15.061,9.845,24.118,5.42,200,423648,90042,Education,158.928
4.921,7.089,25.337,5.34,200,423648,90042,Education,120.72
41.67,32.926,35.122,11.39,200,414181,90042,News,329.661
8.438,7.066,27.52,5.5,200,414181,90043,News,226.495
6.287,15.885,18.492,6.29,200,414181,90043,News,252.196
10.719,6.938,28.383,5.33,200,414160,90044,News,242.381
7.375,13.681,21.005,5.15,200,414160,90044,News,253.587
1.9,15.948,19.9,8.43,200,414160,90045,News,192.011
4.425,12.43,18.236,5.73,200,414160,90045,News,207.323
34.88,32.437,49.811,26.76,200,312779,90045,Technology,348.683
13.473,29.182,35.45,28.39,200,312779,90045,Technology,253.241
11.411,33.278,41.578,26.02,200,312779,90046,Technology,272.099
8.11,37.004,37.917,26.04,200,312779,90046,Technology,264.282
11.324,26.407,37.809,25.56,200,312779,90046,Technology,288.935
3.692,31.155,38.565,25.89,200,312779,90047,Technology,276.398
9.837,28.655,36.839,25.75,200,312779,90047,Technology,268.204
4.68,30.473,36.305,26.37,200,312779,90047,Technology,277.295
12.107,26.591,39.678,26.35,200,312779,90047,Technology,289.001
2.069,29.694,38.484,27.84,200,312779,90048,Technology,245.01
42.34,32.055,62.484,24.99,200,1172688,90048,Social networking,1052.355
13.258,28.989,58.18,24.84,200,1119215,90049,Social networking,1479.879
12.822,168.899,120.313,25.52,200,1119404,90051,Social networking,2276.435
10.789,32.196,63.526,26.44,200,1119255,90055,Social networking,1120.508
17.876,30.885,64.16,25.65,200,1118937,90056,Social networking,1158.829
16.088,29.802,67.552,26.99,200,1321075,90057,Social networking,1623.198
14.349,32.996,74.071,24.46,200,1321043,90059,Social networking,1579.51
17.197,32.852,71.323,25.4,200,1321194,90100,Social networking,1340.09
9.549,33.721,104.989,31.79,200,1172731,90102,Social networking,966.196
46.023,46.766,83.782,31.99,200,201253,90103,Technology,340.598
15.597,47.476,79.113,27.17,200,201253,90103,Technology,318.695
12.529,35.338,81.635,26.82,200,201253,90103,Technology,302.036
6.6,30.941,79.162,26.25,200,201253,90104,Technology,265.37
10.24,35.738,66.842,26.22,200,201253,90104,Technology,265.297
8.377,34.759,80.641,29.49,200,201253,90104,Technology,298.29
4.369,37.47,75.395,26.47,200,201253,90105,Technology,311.334
6.377,30.318,82.575,29.11,200,201253,90105,Technology,428.317
5.207,29.818,85.775,27.29,200,201253,90106,Technology,288.449
36.698,9.187,35.834,6.42,200,122884,90106,Search engine,198.03
16.087,13.593,31.164,6.02,200,122884,90106,Search engine,190.292
4.781,7.116,42.444,5.13,200,122884,90106,Search engine,174.792
9.023,7.541,91.522,6.43,200,122884,90107,Search engine,215.417
4.533,7.316,46.505,5.98,200,122884,90107,Search engine,157.146
1.722,32.333,32.974,5.25,200,122884,90107,Search engine,174.112
14.674,15.835,84.967,13.88,200,122884,90107,Search engine,234.81
4.395,31.007,94.339,7.24,200,122884,90108,Search engine,236.738
7.212,9.153,37.581,5.93,200,122884,90108,Search engine,187.403
37.352,39.734,46.098,36.41,200,438757,90108,Shopping,993.272
8.854,50.248,51.635,43.39,200,461639,90109,Shopping,1108.34
7.106,33.368,50.087,30.31,200,461639,90111,Shopping,315.957
11.142,46.459,41.469,32.51,200,461639,90111,Shopping,304.893
13.636,32.935,40.966,30.35,200,461639,90112,Shopping,334.114
9.634,38.109,42.238,29.07,200,461639,90112,Shopping,336.316
11.222,35.259,42.219,32.27,200,461639,90113,Shopping,412.406
37.211,36.995,50.367,34.57,200,32784,121835,Social networking,579.212
10.6,34.379,41.424,32.71,200,32783,121836,Social networking,372.644
13.579,33.47,39.754,32.61,200,32784,121836,Social networking,348.641
10.355,31.992,41.547,31.24,200,32784,121837,Social networking,540.524
5.455,63.021,43.129,32.44,200,32785,121838,Social networking,372.583
34.778,33.194,38.682,32.72,200,48771,121839,Social networking,706.636
7.058,37.856,40.322,29.77,200,48759,121840,Social networking,712.635
11.635,32.251,38.708,30.52,200,48757,121841,Social networking,671.387
8.608,33.302,40.609,31.4,200,49005,121841,Social networking,687.687
15.509,33.095,56.072,30.78,200,48757,121844,Social networking,712.465
5.796,32.28,48.294,30.98,200,48757,121844,Social networking,701.803
14.291,32.456,39.077,31.42,200,48757,121845,Social networking,709.839
12.726,32.82,40.838,31.45,200,48757,121846,Social networking,692.001
1.493,47.07,67.584,25.87,200,85385,121847,Search engine,264.52
2.231,27.977,55.677,27.65,200,85289,121847,Search engine,254.032
16.649,28.657,52.868,26.4,200,85233,121848,Search engine,235.162
16.651,28.452,55.733,27.01,200,85302,121848,Search engine,253.578
11.103,28.568,54.541,27.05,200,85251,121848,Search engine,229.246
3.207,30.228,66.394,26.25,200,85242,121848,Search engine,266.207
2.095,29.037,67.739,25.94,200,85556,121849,Search engine,249.54
35.272,30.691,52.437,28.89,200,393432,121849,Social networking,1215.107
15.151,29.695,103.139,27.67,200,12928,121851,Social networking,416.432
11.131,28.699,39.147,27.32,200,1462,121851,Social networking,173.791
13.145,28.995,39.129,28.89,200,1462,121851,Social networking,197.774
6.68,29.764,53.372,26.03,200,396583,121852,Social networking,1691.125
2.047,27.666,40.277,25.27,200,1462,121854,Social networking,168.667
7.4,31.149,97.225,26.52,200,1462,121854,Social networking,245.936
6.678,26.523,56.476,25.39,200,881201,121854,Entertainment,346.133
16.066,31.059,64.395,25.23,200,878313,121855,Entertainment,415.334
12.36,29.609,68.217,28.96,200,886363,121855,Entertainment,400.048
11.891,29.53,52.269,28.66,200,880493,121856,Entertainment,455.756
8.996,26.816,56.023,25.45,200,881582,121856,Entertainment,375.459
5.955,31.85,65.886,26.97,200,879815,121856,Entertainment,383.75
12.314,32.291,67.417,24.97,200,880481,121857,Entertainment,383.144
2.744,33.86,67.98,25.21,200,881811,121857,Entertainment,391.254
4.303,24.947,58.344,24.63,200,878465,121858,Entertainment,339.079
10.236,52.363,58.737,51.12,200,196894,121859,Shopping,363.272
2.68,52.317,60.679,50.16,200,196894,121859,Shopping,343.325
15.208,53.097,62.646,51.44,200,196894,121900,Shopping,389.617
6.499,51.876,62.727,51.57,200,196894,121901,Shopping,347.641
7.652,53.022,61.839,50.93,200,196894,121901,Shopping,350.77
11.746,62.699,67.746,51.28,200,196894,121902,Shopping,386.008
19.934,30.996,18.49,5.91,200,281646,121903,News,120.832
15.96,14.083,16.597,6.58,200,281646,121903,News,223.866
1.669,33.316,38.623,5.29,200,281646,121903,News,140.458
4.698,31.364,16.482,7.09,200,281646,121903,News,115.481
14.128,30.018,18.129,4.85,200,281646,121904,News,139.18
1.742,8.79,16.012,7.15,200,281646,121904,News,108.663
7.42,33.021,16.824,5.82,200,281646,121904,News,129.892
9.175,9.626,17.259,6.22,200,281646,121904,News,129.587
10.389,60.732,55.778,47.22,200,119573,121905,Reference,350.099
11.286,52.976,61.45,47.53,200,119573,121905,Reference,327.406
13.675,61.531,54.721,56.02,200,119573,121905,Reference,320.27
13.813,60.136,60.456,49.02,200,119573,121906,Reference,334.151
2.451,49.518,56.444,48.42,200,119573,121906,Reference,305.78
16.173,61.669,55.082,50.09,200,119573,121907,Reference,323.622
5.989,62.542,55.169,49.88,200,119573,121908,Reference,342.52
42.68,8.344,25.884,7.28,200,423648,121908,Education,144.388
13.976,11.02,39.567,5.56,200,423648,121908,Education,127.355
13.463,30.789,35.038,9.05,200,423648,121908,Education,163.217
10.874,9.707,25.883,7.38,200,423648,121908,Education,114.741
15.126,36.178,29.688,8.65,200,423648,121909,Education,157.53
5.662,6.96,23.761,5.99,200,423648,121909,Education,98.187
5.527,30.331,36.518,7.1,200,423648,121909,Education,146.528
3.744,9.669,40.72,8.56,200,423648,121909,Education,132.752
14.746,9.206,23.424,8.95,200,423648,121909,Education,121.482
12.553,31.778,17.174,5.71,200,426232,121910,News,228.059
11.857,11.438,15.61,7.29,200,426592,121910,News,204.964
15.771,9.888,21.887,6.25,200,426592,121910,News,216.595
5.377,10.467,23.58,8.88,200,426546,121910,News,190.962
11.969,8.071,26.999,7.42,200,426913,121911,News,215.752
1.806,30.956,20.578,4.67,200,426232,121911,News,254.237
1.292,31.106,21.55,8.45,200,426592,121912,News,654.181
40.628,53.323,58.84,48.68,200,151651,121912,Technology,408.941
15.219,50.972,62.788,46.04,200,151651,121913,Technology,334.385
6.879,55.839,73.531,45.53,200,151651,121914,Technology,412.96
12.529,61.278,66.899,47.35,200,151651,121915,Technology,450.493
8.31,63.365,81.588,44.98,200,151651,121915,Technology,391.226
7.804,47.757,66.868,44.79,200,151651,121916,Technology,333.35
13.397,60.8,65.908,46.02,200,151651,121916,Technology,351.725
44.832,50.868,56.757,46.68,200,1118986,121916,Social networking,1049.58
13.202,50.216,64.802,45.67,200,1119022,121918,Social networking,1096.266
4.817,50.15,56.767,47.09,200,1119212,121919,Social networking,930.73
15.383,47.466,84.793,45.26,200,1118955,121920,Social networking,1012.952
12.869,47.271,69.849,45.6,200,1119179,121921,Social networking,1296.144
16.284,46.898,60.237,27.38,200,1119333,121923,Social networking,891.853
6.251,30.114,77.335,25.95,200,1119270,121924,Social networking,1418.709
17.228,30.456,68.289,27.1,200,1119150,121925,Social networking,838.733
13.016,46.714,58.655,27.55,200,1119184,121926,Social networking,808.267
4.268,26.868,67.901,26.49,200,201253,121928,Technology,241.326
15.654,29.743,69.578,27.21,200,201253,121928,Technology,257.671
10.769,27.378,70.12,26.65,200,201253,121928,Technology,231.785
12.568,28.587,68.274,26.44,200,201253,121929,Technology,240.265
6.397,32.838,69.865,27.69,200,201253,121929,Technology,249.934
5.261,30.183,82.473,28.9,200,201253,121929,Technology,299.119
1.956,45.511,62.615,27.6,200,201253,121930,Technology,250.023
37.738,8.755,41.87,6.58,200,122884,121930,Search engine,219.222
12.9,7.339,46.188,5.06,200,122884,121930,Search engine,170.869
6.544,31.45,31.56,5.6,200,122884,121930,Search engine,193.006
5.887,7.688,42.533,6.8,200,122884,121930,Search engine,176.924
5.593,29.067,36.555,6.29,200,122884,121931,Search engine,189.102
9.184,31.901,29.006,6.32,200,122884,121931,Search engine,192.034
10.862,9.607,41.167,7.69,200,122884,121931,Search engine,178.612
10.245,7.423,41.244,7.36,200,122884,121931,Search engine,152.021
4.011,32.018,34.654,6.15,200,122884,121931,Search engine,176.264
5.449,31.509,35.746,8,200,122884,121932,Search engine,176.634
40.808,33.656,43.135,31.69,200,457830,121932,Shopping,1245.176
10.244,34.847,43.634,32.93,200,457830,121933,Shopping,303.828
11.365,33.496,41.75,31.94,200,457830,121933,Shopping,305.358
6.366,34.972,61.4,33.39,200,457830,121934,Shopping,301.813
11.287,36.302,50.105,30.3,200,457830,121934,Shopping,322.912
9.259,49.708,58.943,35.24,200,457830,121935,Shopping,318.243
12.733,33.199,44.939,31.98,200,457830,121935,Shopping,325.639
9.392,35.285,47.439,33.11,200,457830,121936,Shopping,295.357
